"","Continent_Name","cont_id","geo.id","dateRep","day","month","year","cases","deaths","countryterritoryCode","popData2018","countries","cumsu.c","cumsu.d",".id","countries.f"
"1","South America","SA","AR",2020-03-04,4,3,2020,1,0,"ARG",44494502,"Argentina",1,0,1,"Argentina"
"2","South America","SA","AR",2020-03-06,6,3,2020,1,0,"ARG",44494502,"Argentina",2,0,2,"Argentina"
"3","South America","SA","AR",2020-03-07,7,3,2020,6,0,"ARG",44494502,"Argentina",8,0,3,"Argentina"
"4","South America","SA","AR",2020-03-08,8,3,2020,1,1,"ARG",44494502,"Argentina",9,1,4,"Argentina"
"5","South America","SA","AR",2020-03-09,9,3,2020,3,0,"ARG",44494502,"Argentina",12,1,5,"Argentina"
"6","South America","SA","AR",2020-03-11,11,3,2020,7,0,"ARG",44494502,"Argentina",19,1,6,"Argentina"
"7","South America","SA","AR",2020-03-13,13,3,2020,12,0,"ARG",44494502,"Argentina",31,1,7,"Argentina"
"8","South America","SA","AR",2020-03-14,14,3,2020,3,1,"ARG",44494502,"Argentina",34,2,8,"Argentina"
"9","South America","SA","AR",2020-03-15,15,3,2020,11,0,"ARG",44494502,"Argentina",45,2,9,"Argentina"
"10","South America","SA","AR",2020-03-16,16,3,2020,11,0,"ARG",44494502,"Argentina",56,2,10,"Argentina"
"11","South America","SA","AR",2020-03-17,17,3,2020,9,0,"ARG",44494502,"Argentina",65,2,11,"Argentina"
"12","South America","SA","AR",2020-03-18,18,3,2020,14,0,"ARG",44494502,"Argentina",79,2,12,"Argentina"
"13","South America","SA","AR",2020-03-19,19,3,2020,18,0,"ARG",44494502,"Argentina",97,2,13,"Argentina"
"14","South America","SA","AR",2020-03-20,20,3,2020,31,1,"ARG",44494502,"Argentina",128,3,14,"Argentina"
"15","South America","SA","AR",2020-03-21,21,3,2020,30,0,"ARG",44494502,"Argentina",158,3,15,"Argentina"
"16","South America","SA","AR",2020-03-22,22,3,2020,67,1,"ARG",44494502,"Argentina",225,4,16,"Argentina"
"17","South America","SA","AR",2020-03-23,23,3,2020,41,0,"ARG",44494502,"Argentina",266,4,17,"Argentina"
"18","South America","SA","AR",2020-03-24,24,3,2020,35,0,"ARG",44494502,"Argentina",301,4,18,"Argentina"
"19","South America","SA","AR",2020-03-25,25,3,2020,86,2,"ARG",44494502,"Argentina",387,6,19,"Argentina"
"20","South America","SA","AR",2020-03-26,26,3,2020,115,2,"ARG",44494502,"Argentina",502,8,20,"Argentina"
"21","South America","SA","AR",2020-03-27,27,3,2020,87,4,"ARG",44494502,"Argentina",589,12,21,"Argentina"
"22","South America","SA","AR",2020-03-28,28,3,2020,101,5,"ARG",44494502,"Argentina",690,17,22,"Argentina"
"23","South America","SA","AR",2020-03-29,29,3,2020,55,2,"ARG",44494502,"Argentina",745,19,23,"Argentina"
"24","South America","SA","AR",2020-03-30,30,3,2020,75,1,"ARG",44494502,"Argentina",820,20,24,"Argentina"
"25","South America","SA","AR",2020-03-31,31,3,2020,146,4,"ARG",44494502,"Argentina",966,24,25,"Argentina"
"26","South America","SA","AR",2020-04-01,1,4,2020,0,0,"ARG",44494502,"Argentina",966,24,26,"Argentina"
"27","South America","SA","AR",2020-04-02,2,4,2020,167,7,"ARG",44494502,"Argentina",1133,31,27,"Argentina"
"28","South America","SA","AR",2020-04-03,3,4,2020,0,3,"ARG",44494502,"Argentina",1133,34,28,"Argentina"
"29","South America","SA","AR",2020-04-04,4,4,2020,132,3,"ARG",44494502,"Argentina",1265,37,29,"Argentina"
"30","South America","SA","AR",2020-04-05,5,4,2020,186,6,"ARG",44494502,"Argentina",1451,43,30,"Argentina"
"31","South America","SA","AR",2020-04-06,6,4,2020,103,3,"ARG",44494502,"Argentina",1554,46,31,"Argentina"
"32","South America","SA","AR",2020-04-07,7,4,2020,74,7,"ARG",44494502,"Argentina",1628,53,32,"Argentina"
"33","South America","SA","AR",2020-04-08,8,4,2020,87,7,"ARG",44494502,"Argentina",1715,60,33,"Argentina"
"34","South America","SA","AR",2020-04-09,9,4,2020,80,5,"ARG",44494502,"Argentina",1795,65,34,"Argentina"
"35","South America","SA","AR",2020-04-10,10,4,2020,99,14,"ARG",44494502,"Argentina",1894,79,35,"Argentina"
"36","South America","SA","AR",2020-04-11,11,4,2020,81,3,"ARG",44494502,"Argentina",1975,82,36,"Argentina"
"37","South America","SA","AR",2020-04-12,12,4,2020,162,7,"ARG",44494502,"Argentina",2137,89,37,"Argentina"
"38","South America","SA","AR",2020-04-13,13,4,2020,66,6,"ARG",44494502,"Argentina",2203,95,38,"Argentina"
"39","South America","SA","AR",2020-04-14,14,4,2020,69,3,"ARG",44494502,"Argentina",2272,98,39,"Argentina"
"40","South America","SA","BO",2020-03-12,12,3,2020,2,0,"BOL",11353142,"Bolivia",2,0,1,"Bolivia"
"41","South America","SA","BO",2020-03-13,13,3,2020,1,0,"BOL",11353142,"Bolivia",3,0,2,"Bolivia"
"42","South America","SA","BO",2020-03-14,14,3,2020,7,0,"BOL",11353142,"Bolivia",10,0,3,"Bolivia"
"43","South America","SA","BO",2020-03-15,15,3,2020,0,0,"BOL",11353142,"Bolivia",10,0,4,"Bolivia"
"44","South America","SA","BO",2020-03-17,17,3,2020,1,0,"BOL",11353142,"Bolivia",11,0,5,"Bolivia"
"45","South America","SA","BO",2020-03-18,18,3,2020,1,0,"BOL",11353142,"Bolivia",12,0,6,"Bolivia"
"46","South America","SA","BO",2020-03-19,19,3,2020,0,0,"BOL",11353142,"Bolivia",12,0,7,"Bolivia"
"47","South America","SA","BO",2020-03-20,20,3,2020,3,0,"BOL",11353142,"Bolivia",15,0,8,"Bolivia"
"48","South America","SA","BO",2020-03-21,21,3,2020,4,0,"BOL",11353142,"Bolivia",19,0,9,"Bolivia"
"49","South America","SA","BO",2020-03-22,22,3,2020,1,0,"BOL",11353142,"Bolivia",20,0,10,"Bolivia"
"50","South America","SA","BO",2020-03-23,23,3,2020,7,0,"BOL",11353142,"Bolivia",27,0,11,"Bolivia"
"51","South America","SA","BO",2020-03-24,24,3,2020,1,0,"BOL",11353142,"Bolivia",28,0,12,"Bolivia"
"52","South America","SA","BO",2020-03-25,25,3,2020,4,0,"BOL",11353142,"Bolivia",32,0,13,"Bolivia"
"53","South America","SA","BO",2020-03-26,26,3,2020,7,0,"BOL",11353142,"Bolivia",39,0,14,"Bolivia"
"54","South America","SA","BO",2020-03-27,27,3,2020,22,0,"BOL",11353142,"Bolivia",61,0,15,"Bolivia"
"55","South America","SA","BO",2020-03-28,28,3,2020,13,0,"BOL",11353142,"Bolivia",74,0,16,"Bolivia"
"56","South America","SA","BO",2020-03-29,29,3,2020,7,0,"BOL",11353142,"Bolivia",81,0,17,"Bolivia"
"57","South America","SA","BO",2020-03-30,30,3,2020,15,3,"BOL",11353142,"Bolivia",96,3,18,"Bolivia"
"58","South America","SA","BO",2020-03-31,31,3,2020,11,3,"BOL",11353142,"Bolivia",107,6,19,"Bolivia"
"59","South America","SA","BO",2020-04-01,1,4,2020,8,1,"BOL",11353142,"Bolivia",115,7,20,"Bolivia"
"60","South America","SA","BO",2020-04-02,2,4,2020,8,1,"BOL",11353142,"Bolivia",123,8,21,"Bolivia"
"61","South America","SA","BO",2020-04-03,3,4,2020,9,1,"BOL",11353142,"Bolivia",132,9,22,"Bolivia"
"62","South America","SA","BO",2020-04-04,4,4,2020,7,1,"BOL",11353142,"Bolivia",139,10,23,"Bolivia"
"63","South America","SA","BO",2020-04-05,5,4,2020,18,0,"BOL",11353142,"Bolivia",157,10,24,"Bolivia"
"64","South America","SA","BO",2020-04-06,6,4,2020,26,1,"BOL",11353142,"Bolivia",183,11,25,"Bolivia"
"65","South America","SA","BO",2020-04-07,7,4,2020,11,3,"BOL",11353142,"Bolivia",194,14,26,"Bolivia"
"66","South America","SA","BO",2020-04-08,8,4,2020,16,1,"BOL",11353142,"Bolivia",210,15,27,"Bolivia"
"67","South America","SA","BO",2020-04-09,9,4,2020,54,3,"BOL",11353142,"Bolivia",264,18,28,"Bolivia"
"68","South America","SA","BO",2020-04-10,10,4,2020,4,1,"BOL",11353142,"Bolivia",268,19,29,"Bolivia"
"69","South America","SA","BO",2020-04-11,11,4,2020,8,1,"BOL",11353142,"Bolivia",276,20,30,"Bolivia"
"70","South America","SA","BO",2020-04-12,12,4,2020,24,4,"BOL",11353142,"Bolivia",300,24,31,"Bolivia"
"71","South America","SA","BO",2020-04-13,13,4,2020,30,3,"BOL",11353142,"Bolivia",330,27,32,"Bolivia"
"72","South America","SA","BO",2020-04-14,14,4,2020,24,1,"BOL",11353142,"Bolivia",354,28,33,"Bolivia"
"73","South America","SA","BR",2020-02-26,26,2,2020,1,0,"BRA",209469333,"Brazil",1,0,1,"Brazil"
"74","South America","SA","BR",2020-02-27,27,2,2020,0,0,"BRA",209469333,"Brazil",1,0,2,"Brazil"
"75","South America","SA","BR",2020-02-28,28,2,2020,0,0,"BRA",209469333,"Brazil",1,0,3,"Brazil"
"76","South America","SA","BR",2020-02-29,29,2,2020,0,0,"BRA",209469333,"Brazil",1,0,4,"Brazil"
"77","South America","SA","BR",2020-03-01,1,3,2020,1,0,"BRA",209469333,"Brazil",2,0,5,"Brazil"
"78","South America","SA","BR",2020-03-02,2,3,2020,0,0,"BRA",209469333,"Brazil",2,0,6,"Brazil"
"79","South America","SA","BR",2020-03-05,5,3,2020,1,0,"BRA",209469333,"Brazil",3,0,7,"Brazil"
"80","South America","SA","BR",2020-03-06,6,3,2020,5,0,"BRA",209469333,"Brazil",8,0,8,"Brazil"
"81","South America","SA","BR",2020-03-07,7,3,2020,5,0,"BRA",209469333,"Brazil",13,0,9,"Brazil"
"82","South America","SA","BR",2020-03-08,8,3,2020,0,0,"BRA",209469333,"Brazil",13,0,10,"Brazil"
"83","South America","SA","BR",2020-03-09,9,3,2020,12,0,"BRA",209469333,"Brazil",25,0,11,"Brazil"
"84","South America","SA","BR",2020-03-11,11,3,2020,9,0,"BRA",209469333,"Brazil",34,0,12,"Brazil"
"85","South America","SA","BR",2020-03-12,12,3,2020,18,0,"BRA",209469333,"Brazil",52,0,13,"Brazil"
"86","South America","SA","BR",2020-03-13,13,3,2020,25,0,"BRA",209469333,"Brazil",77,0,14,"Brazil"
"87","South America","SA","BR",2020-03-14,14,3,2020,21,0,"BRA",209469333,"Brazil",98,0,15,"Brazil"
"88","South America","SA","BR",2020-03-15,15,3,2020,23,0,"BRA",209469333,"Brazil",121,0,16,"Brazil"
"89","South America","SA","BR",2020-03-16,16,3,2020,79,0,"BRA",209469333,"Brazil",200,0,17,"Brazil"
"90","South America","SA","BR",2020-03-17,17,3,2020,34,0,"BRA",209469333,"Brazil",234,0,18,"Brazil"
"91","South America","SA","BR",2020-03-18,18,3,2020,57,1,"BRA",209469333,"Brazil",291,1,19,"Brazil"
"92","South America","SA","BR",2020-03-19,19,3,2020,137,3,"BRA",209469333,"Brazil",428,4,20,"Brazil"
"93","South America","SA","BR",2020-03-20,20,3,2020,193,2,"BRA",209469333,"Brazil",621,6,21,"Brazil"
"94","South America","SA","BR",2020-03-21,21,3,2020,283,5,"BRA",209469333,"Brazil",904,11,22,"Brazil"
"95","South America","SA","BR",2020-03-22,22,3,2020,224,7,"BRA",209469333,"Brazil",1128,18,23,"Brazil"
"96","South America","SA","BR",2020-03-23,23,3,2020,418,7,"BRA",209469333,"Brazil",1546,25,24,"Brazil"
"97","South America","SA","BR",2020-03-24,24,3,2020,345,9,"BRA",209469333,"Brazil",1891,34,25,"Brazil"
"98","South America","SA","BR",2020-03-25,25,3,2020,310,12,"BRA",209469333,"Brazil",2201,46,26,"Brazil"
"99","South America","SA","BR",2020-03-26,26,3,2020,232,11,"BRA",209469333,"Brazil",2433,57,27,"Brazil"
"100","South America","SA","BR",2020-03-27,27,3,2020,482,20,"BRA",209469333,"Brazil",2915,77,28,"Brazil"
"101","South America","SA","BR",2020-03-28,28,3,2020,502,15,"BRA",209469333,"Brazil",3417,92,29,"Brazil"
"102","South America","SA","BR",2020-03-29,29,3,2020,487,22,"BRA",209469333,"Brazil",3904,114,30,"Brazil"
"103","South America","SA","BR",2020-03-30,30,3,2020,352,22,"BRA",209469333,"Brazil",4256,136,31,"Brazil"
"104","South America","SA","BR",2020-03-31,31,3,2020,323,23,"BRA",209469333,"Brazil",4579,159,32,"Brazil"
"105","South America","SA","BR",2020-04-01,1,4,2020,1138,42,"BRA",209469333,"Brazil",5717,201,33,"Brazil"
"106","South America","SA","BR",2020-04-02,2,4,2020,1119,40,"BRA",209469333,"Brazil",6836,241,34,"Brazil"
"107","South America","SA","BR",2020-04-03,3,4,2020,1074,58,"BRA",209469333,"Brazil",7910,299,35,"Brazil"
"108","South America","SA","BR",2020-04-04,4,4,2020,1146,60,"BRA",209469333,"Brazil",9056,359,36,"Brazil"
"109","South America","SA","BR",2020-04-05,5,4,2020,1222,73,"BRA",209469333,"Brazil",10278,432,37,"Brazil"
"110","South America","SA","BR",2020-04-06,6,4,2020,852,54,"BRA",209469333,"Brazil",11130,486,38,"Brazil"
"111","South America","SA","BR",2020-04-07,7,4,2020,926,67,"BRA",209469333,"Brazil",12056,553,39,"Brazil"
"112","South America","SA","BR",2020-04-08,8,4,2020,1661,114,"BRA",209469333,"Brazil",13717,667,40,"Brazil"
"113","South America","SA","BR",2020-04-09,9,4,2020,2210,133,"BRA",209469333,"Brazil",15927,800,41,"Brazil"
"114","South America","SA","BR",2020-04-10,10,4,2020,1930,141,"BRA",209469333,"Brazil",17857,941,42,"Brazil"
"115","South America","SA","BR",2020-04-11,11,4,2020,1781,115,"BRA",209469333,"Brazil",19638,1056,43,"Brazil"
"116","South America","SA","BR",2020-04-12,12,4,2020,1089,68,"BRA",209469333,"Brazil",20727,1124,44,"Brazil"
"117","South America","SA","BR",2020-04-13,13,4,2020,1442,99,"BRA",209469333,"Brazil",22169,1223,45,"Brazil"
"118","South America","SA","BR",2020-04-14,14,4,2020,1261,105,"BRA",209469333,"Brazil",23430,1328,46,"Brazil"
"119","South America","SA","CL",2020-03-04,4,3,2020,1,0,"CHL",18729160,"Chile",1,0,1,"Chile"
"120","South America","SA","CL",2020-03-05,5,3,2020,2,0,"CHL",18729160,"Chile",3,0,2,"Chile"
"121","South America","SA","CL",2020-03-06,6,3,2020,1,0,"CHL",18729160,"Chile",4,0,3,"Chile"
"122","South America","SA","CL",2020-03-07,7,3,2020,1,0,"CHL",18729160,"Chile",5,0,4,"Chile"
"123","South America","SA","CL",2020-03-09,9,3,2020,5,0,"CHL",18729160,"Chile",10,0,5,"Chile"
"124","South America","SA","CL",2020-03-10,10,3,2020,3,0,"CHL",18729160,"Chile",13,0,6,"Chile"
"125","South America","SA","CL",2020-03-11,11,3,2020,4,0,"CHL",18729160,"Chile",17,0,7,"Chile"
"126","South America","SA","CL",2020-03-12,12,3,2020,6,0,"CHL",18729160,"Chile",23,0,8,"Chile"
"127","South America","SA","CL",2020-03-13,13,3,2020,10,0,"CHL",18729160,"Chile",33,0,9,"Chile"
"128","South America","SA","CL",2020-03-14,14,3,2020,10,0,"CHL",18729160,"Chile",43,0,10,"Chile"
"129","South America","SA","CL",2020-03-15,15,3,2020,18,0,"CHL",18729160,"Chile",61,0,11,"Chile"
"130","South America","SA","CL",2020-03-16,16,3,2020,14,0,"CHL",18729160,"Chile",75,0,12,"Chile"
"131","South America","SA","CL",2020-03-17,17,3,2020,81,0,"CHL",18729160,"Chile",156,0,13,"Chile"
"132","South America","SA","CL",2020-03-18,18,3,2020,45,0,"CHL",18729160,"Chile",201,0,14,"Chile"
"133","South America","SA","CL",2020-03-19,19,3,2020,37,0,"CHL",18729160,"Chile",238,0,15,"Chile"
"134","South America","SA","CL",2020-03-20,20,3,2020,104,0,"CHL",18729160,"Chile",342,0,16,"Chile"
"135","South America","SA","CL",2020-03-21,21,3,2020,92,0,"CHL",18729160,"Chile",434,0,17,"Chile"
"136","South America","SA","CL",2020-03-22,22,3,2020,103,0,"CHL",18729160,"Chile",537,0,18,"Chile"
"137","South America","SA","CL",2020-03-23,23,3,2020,95,1,"CHL",18729160,"Chile",632,1,19,"Chile"
"138","South America","SA","CL",2020-03-24,24,3,2020,114,1,"CHL",18729160,"Chile",746,2,20,"Chile"
"139","South America","SA","CL",2020-03-25,25,3,2020,176,0,"CHL",18729160,"Chile",922,2,21,"Chile"
"140","South America","SA","CL",2020-03-26,26,3,2020,220,1,"CHL",18729160,"Chile",1142,3,22,"Chile"
"141","South America","SA","CL",2020-03-27,27,3,2020,164,1,"CHL",18729160,"Chile",1306,4,23,"Chile"
"142","South America","SA","CL",2020-03-28,28,3,2020,304,1,"CHL",18729160,"Chile",1610,5,24,"Chile"
"143","South America","SA","CL",2020-03-29,29,3,2020,299,1,"CHL",18729160,"Chile",1909,6,25,"Chile"
"144","South America","SA","CL",2020-03-30,30,3,2020,230,1,"CHL",18729160,"Chile",2139,7,26,"Chile"
"145","South America","SA","CL",2020-03-31,31,3,2020,310,1,"CHL",18729160,"Chile",2449,8,27,"Chile"
"146","South America","SA","CL",2020-04-01,1,4,2020,289,4,"CHL",18729160,"Chile",2738,12,28,"Chile"
"147","South America","SA","CL",2020-04-02,2,4,2020,293,4,"CHL",18729160,"Chile",3031,16,29,"Chile"
"148","South America","SA","CL",2020-04-03,3,4,2020,373,2,"CHL",18729160,"Chile",3404,18,30,"Chile"
"149","South America","SA","CL",2020-04-04,4,4,2020,333,4,"CHL",18729160,"Chile",3737,22,31,"Chile"
"150","South America","SA","CL",2020-04-05,5,4,2020,424,5,"CHL",18729160,"Chile",4161,27,32,"Chile"
"151","South America","SA","CL",2020-04-06,6,4,2020,310,7,"CHL",18729160,"Chile",4471,34,33,"Chile"
"152","South America","SA","CL",2020-04-07,7,4,2020,344,3,"CHL",18729160,"Chile",4815,37,34,"Chile"
"153","South America","SA","CL",2020-04-08,8,4,2020,301,6,"CHL",18729160,"Chile",5116,43,35,"Chile"
"154","South America","SA","CL",2020-04-09,9,4,2020,430,5,"CHL",18729160,"Chile",5546,48,36,"Chile"
"155","South America","SA","CL",2020-04-10,10,4,2020,426,9,"CHL",18729160,"Chile",5972,57,37,"Chile"
"156","South America","SA","CL",2020-04-11,11,4,2020,529,8,"CHL",18729160,"Chile",6501,65,38,"Chile"
"157","South America","SA","CL",2020-04-12,12,4,2020,426,8,"CHL",18729160,"Chile",6927,73,39,"Chile"
"158","South America","SA","CL",2020-04-13,13,4,2020,286,7,"CHL",18729160,"Chile",7213,80,40,"Chile"
"159","South America","SA","CL",2020-04-14,14,4,2020,312,2,"CHL",18729160,"Chile",7525,82,41,"Chile"
"160","South America","SA","CO",2020-03-07,7,3,2020,1,0,"COL",49648685,"Colombia",1,0,1,"Colombia"
"161","South America","SA","CO",2020-03-10,10,3,2020,2,0,"COL",49648685,"Colombia",3,0,2,"Colombia"
"162","South America","SA","CO",2020-03-12,12,3,2020,6,0,"COL",49648685,"Colombia",9,0,3,"Colombia"
"163","South America","SA","CO",2020-03-14,14,3,2020,7,0,"COL",49648685,"Colombia",16,0,4,"Colombia"
"164","South America","SA","CO",2020-03-15,15,3,2020,18,0,"COL",49648685,"Colombia",34,0,5,"Colombia"
"165","South America","SA","CO",2020-03-16,16,3,2020,11,0,"COL",49648685,"Colombia",45,0,6,"Colombia"
"166","South America","SA","CO",2020-03-17,17,3,2020,12,0,"COL",49648685,"Colombia",57,0,7,"Colombia"
"167","South America","SA","CO",2020-03-18,18,3,2020,8,0,"COL",49648685,"Colombia",65,0,8,"Colombia"
"168","South America","SA","CO",2020-03-19,19,3,2020,37,0,"COL",49648685,"Colombia",102,0,9,"Colombia"
"169","South America","SA","CO",2020-03-20,20,3,2020,26,0,"COL",49648685,"Colombia",128,0,10,"Colombia"
"170","South America","SA","CO",2020-03-21,21,3,2020,30,0,"COL",49648685,"Colombia",158,0,11,"Colombia"
"171","South America","SA","CO",2020-03-22,22,3,2020,52,1,"COL",49648685,"Colombia",210,1,12,"Colombia"
"172","South America","SA","CO",2020-03-23,23,3,2020,25,1,"COL",49648685,"Colombia",235,2,13,"Colombia"
"173","South America","SA","CO",2020-03-24,24,3,2020,71,1,"COL",49648685,"Colombia",306,3,14,"Colombia"
"174","South America","SA","CO",2020-03-25,25,3,2020,72,0,"COL",49648685,"Colombia",378,3,15,"Colombia"
"175","South America","SA","CO",2020-03-26,26,3,2020,92,1,"COL",49648685,"Colombia",470,4,16,"Colombia"
"176","South America","SA","CO",2020-03-27,27,3,2020,21,2,"COL",49648685,"Colombia",491,6,17,"Colombia"
"177","South America","SA","CO",2020-03-28,28,3,2020,48,0,"COL",49648685,"Colombia",539,6,18,"Colombia"
"178","South America","SA","CO",2020-03-29,29,3,2020,69,0,"COL",49648685,"Colombia",608,6,19,"Colombia"
"179","South America","SA","CO",2020-03-30,30,3,2020,94,4,"COL",49648685,"Colombia",702,10,20,"Colombia"
"180","South America","SA","CO",2020-03-31,31,3,2020,96,4,"COL",49648685,"Colombia",798,14,21,"Colombia"
"181","South America","SA","CO",2020-04-01,1,4,2020,108,2,"COL",49648685,"Colombia",906,16,22,"Colombia"
"182","South America","SA","CO",2020-04-02,2,4,2020,159,1,"COL",49648685,"Colombia",1065,17,23,"Colombia"
"183","South America","SA","CO",2020-04-03,3,4,2020,96,2,"COL",49648685,"Colombia",1161,19,24,"Colombia"
"184","South America","SA","CO",2020-04-04,4,4,2020,106,6,"COL",49648685,"Colombia",1267,25,25,"Colombia"
"185","South America","SA","CO",2020-04-05,5,4,2020,139,7,"COL",49648685,"Colombia",1406,32,26,"Colombia"
"186","South America","SA","CO",2020-04-06,6,4,2020,79,3,"COL",49648685,"Colombia",1485,35,27,"Colombia"
"187","South America","SA","CO",2020-04-07,7,4,2020,94,11,"COL",49648685,"Colombia",1579,46,28,"Colombia"
"188","South America","SA","CO",2020-04-08,8,4,2020,201,4,"COL",49648685,"Colombia",1780,50,29,"Colombia"
"189","South America","SA","CO",2020-04-09,9,4,2020,274,5,"COL",49648685,"Colombia",2054,55,30,"Colombia"
"190","South America","SA","CO",2020-04-10,10,4,2020,169,14,"COL",49648685,"Colombia",2223,69,31,"Colombia"
"191","South America","SA","CO",2020-04-11,11,4,2020,250,11,"COL",49648685,"Colombia",2473,80,32,"Colombia"
"192","South America","SA","CO",2020-04-12,12,4,2020,236,20,"COL",49648685,"Colombia",2709,100,33,"Colombia"
"193","South America","SA","CO",2020-04-13,13,4,2020,67,9,"COL",49648685,"Colombia",2776,109,34,"Colombia"
"194","South America","SA","CO",2020-04-14,14,4,2020,76,3,"COL",49648685,"Colombia",2852,112,35,"Colombia"
"195","South America","SA","EC",2020-03-01,1,3,2020,1,0,"ECU",17084357,"Ecuador",1,0,1,"Ecuador"
"196","South America","SA","EC",2020-03-02,2,3,2020,5,0,"ECU",17084357,"Ecuador",6,0,2,"Ecuador"
"197","South America","SA","EC",2020-03-03,3,3,2020,1,0,"ECU",17084357,"Ecuador",7,0,3,"Ecuador"
"198","South America","SA","EC",2020-03-05,5,3,2020,3,0,"ECU",17084357,"Ecuador",10,0,4,"Ecuador"
"199","South America","SA","EC",2020-03-06,6,3,2020,3,0,"ECU",17084357,"Ecuador",13,0,5,"Ecuador"
"200","South America","SA","EC",2020-03-09,9,3,2020,1,0,"ECU",17084357,"Ecuador",14,0,6,"Ecuador"
"201","South America","SA","EC",2020-03-10,10,3,2020,1,0,"ECU",17084357,"Ecuador",15,0,7,"Ecuador"
"202","South America","SA","EC",2020-03-11,11,3,2020,2,0,"ECU",17084357,"Ecuador",17,0,8,"Ecuador"
"203","South America","SA","EC",2020-03-14,14,3,2020,6,1,"ECU",17084357,"Ecuador",23,1,9,"Ecuador"
"204","South America","SA","EC",2020-03-15,15,3,2020,5,1,"ECU",17084357,"Ecuador",28,2,10,"Ecuador"
"205","South America","SA","EC",2020-03-16,16,3,2020,9,0,"ECU",17084357,"Ecuador",37,2,11,"Ecuador"
"206","South America","SA","EC",2020-03-17,17,3,2020,21,0,"ECU",17084357,"Ecuador",58,2,12,"Ecuador"
"207","South America","SA","EC",2020-03-18,18,3,2020,53,0,"ECU",17084357,"Ecuador",111,2,13,"Ecuador"
"208","South America","SA","EC",2020-03-19,19,3,2020,57,1,"ECU",17084357,"Ecuador",168,3,14,"Ecuador"
"209","South America","SA","EC",2020-03-20,20,3,2020,31,0,"ECU",17084357,"Ecuador",199,3,15,"Ecuador"
"210","South America","SA","EC",2020-03-21,21,3,2020,227,4,"ECU",17084357,"Ecuador",426,7,16,"Ecuador"
"211","South America","SA","EC",2020-03-22,22,3,2020,106,0,"ECU",17084357,"Ecuador",532,7,17,"Ecuador"
"212","South America","SA","EC",2020-03-23,23,3,2020,257,7,"ECU",17084357,"Ecuador",789,14,18,"Ecuador"
"213","South America","SA","EC",2020-03-24,24,3,2020,192,4,"ECU",17084357,"Ecuador",981,18,19,"Ecuador"
"214","South America","SA","EC",2020-03-25,25,3,2020,101,9,"ECU",17084357,"Ecuador",1082,27,20,"Ecuador"
"215","South America","SA","EC",2020-03-26,26,3,2020,129,2,"ECU",17084357,"Ecuador",1211,29,21,"Ecuador"
"216","South America","SA","EC",2020-03-27,27,3,2020,192,5,"ECU",17084357,"Ecuador",1403,34,22,"Ecuador"
"217","South America","SA","EC",2020-03-28,28,3,2020,224,7,"ECU",17084357,"Ecuador",1627,41,23,"Ecuador"
"218","South America","SA","EC",2020-03-29,29,3,2020,208,7,"ECU",17084357,"Ecuador",1835,48,24,"Ecuador"
"219","South America","SA","EC",2020-03-30,30,3,2020,55,10,"ECU",17084357,"Ecuador",1890,58,25,"Ecuador"
"220","South America","SA","EC",2020-03-31,31,3,2020,76,4,"ECU",17084357,"Ecuador",1966,62,26,"Ecuador"
"221","South America","SA","EC",2020-04-01,1,4,2020,336,17,"ECU",17084357,"Ecuador",2302,79,27,"Ecuador"
"222","South America","SA","EC",2020-04-02,2,4,2020,456,41,"ECU",17084357,"Ecuador",2758,120,28,"Ecuador"
"223","South America","SA","EC",2020-04-03,3,4,2020,405,0,"ECU",17084357,"Ecuador",3163,120,29,"Ecuador"
"224","South America","SA","EC",2020-04-04,4,4,2020,205,25,"ECU",17084357,"Ecuador",3368,145,30,"Ecuador"
"225","South America","SA","EC",2020-04-05,5,4,2020,97,27,"ECU",17084357,"Ecuador",3465,172,31,"Ecuador"
"226","South America","SA","EC",2020-04-06,6,4,2020,181,8,"ECU",17084357,"Ecuador",3646,180,32,"Ecuador"
"227","South America","SA","EC",2020-04-07,7,4,2020,101,11,"ECU",17084357,"Ecuador",3747,191,33,"Ecuador"
"228","South America","SA","EC",2020-04-08,8,4,2020,248,29,"ECU",17084357,"Ecuador",3995,220,34,"Ecuador"
"229","South America","SA","EC",2020-04-09,9,4,2020,455,22,"ECU",17084357,"Ecuador",4450,242,35,"Ecuador"
"230","South America","SA","EC",2020-04-10,10,4,2020,515,30,"ECU",17084357,"Ecuador",4965,272,36,"Ecuador"
"231","South America","SA","EC",2020-04-11,11,4,2020,2196,25,"ECU",17084357,"Ecuador",7161,297,37,"Ecuador"
"232","South America","SA","EC",2020-04-12,12,4,2020,96,18,"ECU",17084357,"Ecuador",7257,315,38,"Ecuador"
"233","South America","SA","EC",2020-04-13,13,4,2020,209,18,"ECU",17084357,"Ecuador",7466,333,39,"Ecuador"
"234","South America","SA","EC",2020-04-14,14,4,2020,63,22,"ECU",17084357,"Ecuador",7529,355,40,"Ecuador"
"235","South America","SA","PY",2020-03-08,8,3,2020,1,0,"PRY",6956071,"Paraguay",1,0,1,"Paraguay"
"236","South America","SA","PY",2020-03-11,11,3,2020,4,0,"PRY",6956071,"Paraguay",5,0,2,"Paraguay"
"237","South America","SA","PY",2020-03-13,13,3,2020,1,0,"PRY",6956071,"Paraguay",6,0,3,"Paraguay"
"238","South America","SA","PY",2020-03-14,14,3,2020,1,0,"PRY",6956071,"Paraguay",7,0,4,"Paraguay"
"239","South America","SA","PY",2020-03-16,16,3,2020,1,0,"PRY",6956071,"Paraguay",8,0,5,"Paraguay"
"240","South America","SA","PY",2020-03-17,17,3,2020,1,0,"PRY",6956071,"Paraguay",9,0,6,"Paraguay"
"241","South America","SA","PY",2020-03-18,18,3,2020,2,0,"PRY",6956071,"Paraguay",11,0,7,"Paraguay"
"242","South America","SA","PY",2020-03-19,19,3,2020,0,0,"PRY",6956071,"Paraguay",11,0,8,"Paraguay"
"243","South America","SA","PY",2020-03-20,20,3,2020,2,0,"PRY",6956071,"Paraguay",13,0,9,"Paraguay"
"244","South America","SA","PY",2020-03-21,21,3,2020,5,1,"PRY",6956071,"Paraguay",18,1,10,"Paraguay"
"245","South America","SA","PY",2020-03-22,22,3,2020,4,0,"PRY",6956071,"Paraguay",22,1,11,"Paraguay"
"246","South America","SA","PY",2020-03-23,23,3,2020,0,0,"PRY",6956071,"Paraguay",22,1,12,"Paraguay"
"247","South America","SA","PY",2020-03-24,24,3,2020,5,0,"PRY",6956071,"Paraguay",27,1,13,"Paraguay"
"248","South America","SA","PY",2020-03-25,25,3,2020,10,2,"PRY",6956071,"Paraguay",37,3,14,"Paraguay"
"249","South America","SA","PY",2020-03-26,26,3,2020,4,0,"PRY",6956071,"Paraguay",41,3,15,"Paraguay"
"250","South America","SA","PY",2020-03-27,27,3,2020,11,0,"PRY",6956071,"Paraguay",52,3,16,"Paraguay"
"251","South America","SA","PY",2020-03-28,28,3,2020,4,0,"PRY",6956071,"Paraguay",56,3,17,"Paraguay"
"252","South America","SA","PY",2020-03-29,29,3,2020,3,0,"PRY",6956071,"Paraguay",59,3,18,"Paraguay"
"253","South America","SA","PY",2020-03-30,30,3,2020,5,0,"PRY",6956071,"Paraguay",64,3,19,"Paraguay"
"254","South America","SA","PY",2020-03-31,31,3,2020,1,0,"PRY",6956071,"Paraguay",65,3,20,"Paraguay"
"255","South America","SA","PY",2020-04-01,1,4,2020,4,0,"PRY",6956071,"Paraguay",69,3,21,"Paraguay"
"256","South America","SA","PY",2020-04-02,2,4,2020,0,0,"PRY",6956071,"Paraguay",69,3,22,"Paraguay"
"257","South America","SA","PY",2020-04-03,3,4,2020,8,0,"PRY",6956071,"Paraguay",77,3,23,"Paraguay"
"258","South America","SA","PY",2020-04-04,4,4,2020,19,0,"PRY",6956071,"Paraguay",96,3,24,"Paraguay"
"259","South America","SA","PY",2020-04-05,5,4,2020,8,0,"PRY",6956071,"Paraguay",104,3,25,"Paraguay"
"260","South America","SA","PY",2020-04-06,6,4,2020,9,2,"PRY",6956071,"Paraguay",113,5,26,"Paraguay"
"261","South America","SA","PY",2020-04-07,7,4,2020,0,0,"PRY",6956071,"Paraguay",113,5,27,"Paraguay"
"262","South America","SA","PY",2020-04-08,8,4,2020,2,0,"PRY",6956071,"Paraguay",115,5,28,"Paraguay"
"263","South America","SA","PY",2020-04-09,9,4,2020,9,0,"PRY",6956071,"Paraguay",124,5,29,"Paraguay"
"264","South America","SA","PY",2020-04-10,10,4,2020,5,1,"PRY",6956071,"Paraguay",129,6,30,"Paraguay"
"265","South America","SA","PY",2020-04-11,11,4,2020,4,0,"PRY",6956071,"Paraguay",133,6,31,"Paraguay"
"266","South America","SA","PY",2020-04-12,12,4,2020,1,0,"PRY",6956071,"Paraguay",134,6,32,"Paraguay"
"267","South America","SA","PY",2020-04-13,13,4,2020,13,0,"PRY",6956071,"Paraguay",147,6,33,"Paraguay"
"268","South America","SA","PY",2020-04-14,14,4,2020,12,1,"PRY",6956071,"Paraguay",159,7,34,"Paraguay"
"269","South America","SA","PE",2020-03-07,7,3,2020,1,0,"PER",31989256,"Peru",1,0,1,"Peru"
"270","South America","SA","PE",2020-03-09,9,3,2020,6,0,"PER",31989256,"Peru",7,0,2,"Peru"
"271","South America","SA","PE",2020-03-10,10,3,2020,2,0,"PER",31989256,"Peru",9,0,3,"Peru"
"272","South America","SA","PE",2020-03-11,11,3,2020,2,0,"PER",31989256,"Peru",11,0,4,"Peru"
"273","South America","SA","PE",2020-03-12,12,3,2020,6,0,"PER",31989256,"Peru",17,0,5,"Peru"
"274","South America","SA","PE",2020-03-13,13,3,2020,5,0,"PER",31989256,"Peru",22,0,6,"Peru"
"275","South America","SA","PE",2020-03-14,14,3,2020,16,0,"PER",31989256,"Peru",38,0,7,"Peru"
"276","South America","SA","PE",2020-03-15,15,3,2020,5,0,"PER",31989256,"Peru",43,0,8,"Peru"
"277","South America","SA","PE",2020-03-16,16,3,2020,28,0,"PER",31989256,"Peru",71,0,9,"Peru"
"278","South America","SA","PE",2020-03-17,17,3,2020,15,0,"PER",31989256,"Peru",86,0,10,"Peru"
"279","South America","SA","PE",2020-03-18,18,3,2020,31,0,"PER",31989256,"Peru",117,0,11,"Peru"
"280","South America","SA","PE",2020-03-19,19,3,2020,28,0,"PER",31989256,"Peru",145,0,12,"Peru"
"281","South America","SA","PE",2020-03-20,20,3,2020,89,2,"PER",31989256,"Peru",234,2,13,"Peru"
"282","South America","SA","PE",2020-03-21,21,3,2020,29,1,"PER",31989256,"Peru",263,3,14,"Peru"
"283","South America","SA","PE",2020-03-22,22,3,2020,55,2,"PER",31989256,"Peru",318,5,15,"Peru"
"284","South America","SA","PE",2020-03-23,23,3,2020,45,0,"PER",31989256,"Peru",363,5,16,"Peru"
"285","South America","SA","PE",2020-03-24,24,3,2020,32,0,"PER",31989256,"Peru",395,5,17,"Peru"
"286","South America","SA","PE",2020-03-25,25,3,2020,21,2,"PER",31989256,"Peru",416,7,18,"Peru"
"287","South America","SA","PE",2020-03-26,26,3,2020,142,1,"PER",31989256,"Peru",558,8,19,"Peru"
"288","South America","SA","PE",2020-03-27,27,3,2020,22,1,"PER",31989256,"Peru",580,9,20,"Peru"
"289","South America","SA","PE",2020-03-28,28,3,2020,55,2,"PER",31989256,"Peru",635,11,21,"Peru"
"290","South America","SA","PE",2020-03-29,29,3,2020,36,5,"PER",31989256,"Peru",671,16,22,"Peru"
"291","South America","SA","PE",2020-03-30,30,3,2020,181,2,"PER",31989256,"Peru",852,18,23,"Peru"
"292","South America","SA","PE",2020-03-31,31,3,2020,98,6,"PER",31989256,"Peru",950,24,24,"Peru"
"293","South America","SA","PE",2020-04-01,1,4,2020,115,6,"PER",31989256,"Peru",1065,30,25,"Peru"
"294","South America","SA","PE",2020-04-02,2,4,2020,258,17,"PER",31989256,"Peru",1323,47,26,"Peru"
"295","South America","SA","PE",2020-04-03,3,4,2020,91,8,"PER",31989256,"Peru",1414,55,27,"Peru"
"296","South America","SA","PE",2020-04-04,4,4,2020,181,6,"PER",31989256,"Peru",1595,61,28,"Peru"
"297","South America","SA","PE",2020-04-05,5,4,2020,151,12,"PER",31989256,"Peru",1746,73,29,"Peru"
"298","South America","SA","PE",2020-04-06,6,4,2020,535,10,"PER",31989256,"Peru",2281,83,30,"Peru"
"299","South America","SA","PE",2020-04-07,7,4,2020,280,9,"PER",31989256,"Peru",2561,92,31,"Peru"
"300","South America","SA","PE",2020-04-08,8,4,2020,393,15,"PER",31989256,"Peru",2954,107,32,"Peru"
"301","South America","SA","PE",2020-04-09,9,4,2020,1388,14,"PER",31989256,"Peru",4342,121,33,"Peru"
"302","South America","SA","PE",2020-04-10,10,4,2020,914,17,"PER",31989256,"Peru",5256,138,34,"Peru"
"303","South America","SA","PE",2020-04-11,11,4,2020,641,31,"PER",31989256,"Peru",5897,169,35,"Peru"
"304","South America","SA","PE",2020-04-12,12,4,2020,951,12,"PER",31989256,"Peru",6848,181,36,"Peru"
"305","South America","SA","PE",2020-04-13,13,4,2020,671,12,"PER",31989256,"Peru",7519,193,37,"Peru"
"306","South America","SA","PE",2020-04-14,14,4,2020,0,0,"PER",31989256,"Peru",7519,193,38,"Peru"
"307","South America","SA","UY",2020-03-15,15,3,2020,6,0,"URY",3449299,"Uruguay",6,0,1,"Uruguay"
"308","South America","SA","UY",2020-03-16,16,3,2020,2,0,"URY",3449299,"Uruguay",8,0,2,"Uruguay"
"309","South America","SA","UY",2020-03-17,17,3,2020,21,0,"URY",3449299,"Uruguay",29,0,3,"Uruguay"
"310","South America","SA","UY",2020-03-18,18,3,2020,21,0,"URY",3449299,"Uruguay",50,0,4,"Uruguay"
"311","South America","SA","UY",2020-03-19,19,3,2020,29,0,"URY",3449299,"Uruguay",79,0,5,"Uruguay"
"312","South America","SA","UY",2020-03-20,20,3,2020,15,0,"URY",3449299,"Uruguay",94,0,6,"Uruguay"
"313","South America","SA","UY",2020-03-21,21,3,2020,16,0,"URY",3449299,"Uruguay",110,0,7,"Uruguay"
"314","South America","SA","UY",2020-03-22,22,3,2020,25,0,"URY",3449299,"Uruguay",135,0,8,"Uruguay"
"315","South America","SA","UY",2020-03-23,23,3,2020,23,0,"URY",3449299,"Uruguay",158,0,9,"Uruguay"
"316","South America","SA","UY",2020-03-24,24,3,2020,4,0,"URY",3449299,"Uruguay",162,0,10,"Uruguay"
"317","South America","SA","UY",2020-03-25,25,3,2020,27,0,"URY",3449299,"Uruguay",189,0,11,"Uruguay"
"318","South America","SA","UY",2020-03-26,26,3,2020,28,0,"URY",3449299,"Uruguay",217,0,12,"Uruguay"
"319","South America","SA","UY",2020-03-27,27,3,2020,21,0,"URY",3449299,"Uruguay",238,0,13,"Uruguay"
"320","South America","SA","UY",2020-03-28,28,3,2020,0,0,"URY",3449299,"Uruguay",238,0,14,"Uruguay"
"321","South America","SA","UY",2020-03-29,29,3,2020,66,0,"URY",3449299,"Uruguay",304,0,15,"Uruguay"
"322","South America","SA","UY",2020-03-30,30,3,2020,5,1,"URY",3449299,"Uruguay",309,1,16,"Uruguay"
"323","South America","SA","UY",2020-03-31,31,3,2020,11,0,"URY",3449299,"Uruguay",320,1,17,"Uruguay"
"324","South America","SA","UY",2020-04-01,1,4,2020,18,0,"URY",3449299,"Uruguay",338,1,18,"Uruguay"
"325","South America","SA","UY",2020-04-02,2,4,2020,0,1,"URY",3449299,"Uruguay",338,2,19,"Uruguay"
"326","South America","SA","UY",2020-04-03,3,4,2020,31,2,"URY",3449299,"Uruguay",369,4,20,"Uruguay"
"327","South America","SA","UY",2020-04-04,4,4,2020,17,0,"URY",3449299,"Uruguay",386,4,21,"Uruguay"
"328","South America","SA","UY",2020-04-05,5,4,2020,14,1,"URY",3449299,"Uruguay",400,5,22,"Uruguay"
"329","South America","SA","UY",2020-04-06,6,4,2020,6,1,"URY",3449299,"Uruguay",406,6,23,"Uruguay"
"330","South America","SA","UY",2020-04-07,7,4,2020,9,0,"URY",3449299,"Uruguay",415,6,24,"Uruguay"
"331","South America","SA","UY",2020-04-08,8,4,2020,9,1,"URY",3449299,"Uruguay",424,7,25,"Uruguay"
"332","South America","SA","UY",2020-04-09,9,4,2020,32,0,"URY",3449299,"Uruguay",456,7,26,"Uruguay"
"333","South America","SA","UY",2020-04-10,10,4,2020,17,0,"URY",3449299,"Uruguay",473,7,27,"Uruguay"
"334","South America","SA","UY",2020-04-11,11,4,2020,21,0,"URY",3449299,"Uruguay",494,7,28,"Uruguay"
"335","South America","SA","UY",2020-04-12,12,4,2020,7,0,"URY",3449299,"Uruguay",501,7,29,"Uruguay"
"336","South America","SA","UY",2020-04-13,13,4,2020,11,1,"URY",3449299,"Uruguay",512,8,30,"Uruguay"
"337","South America","SA","UY",2020-04-14,14,4,2020,9,0,"URY",3449299,"Uruguay",521,8,31,"Uruguay"
"338","South America","SA","VE",2020-03-15,15,3,2020,10,0,"VEN",28870195,"Venezuela",10,0,1,"Venezuela"
"339","South America","SA","VE",2020-03-16,16,3,2020,5,0,"VEN",28870195,"Venezuela",15,0,2,"Venezuela"
"340","South America","SA","VE",2020-03-17,17,3,2020,18,0,"VEN",28870195,"Venezuela",33,0,3,"Venezuela"
"341","South America","SA","VE",2020-03-18,18,3,2020,0,0,"VEN",28870195,"Venezuela",33,0,4,"Venezuela"
"342","South America","SA","VE",2020-03-19,19,3,2020,0,0,"VEN",28870195,"Venezuela",33,0,5,"Venezuela"
"343","South America","SA","VE",2020-03-20,20,3,2020,0,0,"VEN",28870195,"Venezuela",33,0,6,"Venezuela"
"344","South America","SA","VE",2020-03-21,21,3,2020,3,0,"VEN",28870195,"Venezuela",36,0,7,"Venezuela"
"345","South America","SA","VE",2020-03-22,22,3,2020,0,0,"VEN",28870195,"Venezuela",36,0,8,"Venezuela"
"346","South America","SA","VE",2020-03-23,23,3,2020,0,0,"VEN",28870195,"Venezuela",36,0,9,"Venezuela"
"347","South America","SA","VE",2020-03-24,24,3,2020,48,0,"VEN",28870195,"Venezuela",84,0,10,"Venezuela"
"348","South America","SA","VE",2020-03-25,25,3,2020,7,0,"VEN",28870195,"Venezuela",91,0,11,"Venezuela"
"349","South America","SA","VE",2020-03-26,26,3,2020,15,0,"VEN",28870195,"Venezuela",106,0,12,"Venezuela"
"350","South America","SA","VE",2020-03-27,27,3,2020,1,1,"VEN",28870195,"Venezuela",107,1,13,"Venezuela"
"351","South America","SA","VE",2020-03-28,28,3,2020,12,0,"VEN",28870195,"Venezuela",119,1,14,"Venezuela"
"352","South America","SA","VE",2020-03-29,29,3,2020,0,0,"VEN",28870195,"Venezuela",119,1,15,"Venezuela"
"353","South America","SA","VE",2020-03-30,30,3,2020,0,0,"VEN",28870195,"Venezuela",119,1,16,"Venezuela"
"354","South America","SA","VE",2020-03-31,31,3,2020,16,2,"VEN",28870195,"Venezuela",135,3,17,"Venezuela"
"355","South America","SA","VE",2020-04-01,1,4,2020,0,0,"VEN",28870195,"Venezuela",135,3,18,"Venezuela"
"356","South America","SA","VE",2020-04-02,2,4,2020,8,0,"VEN",28870195,"Venezuela",143,3,19,"Venezuela"
"357","South America","SA","VE",2020-04-03,3,4,2020,1,0,"VEN",28870195,"Venezuela",144,3,20,"Venezuela"
"358","South America","SA","VE",2020-04-04,4,4,2020,0,0,"VEN",28870195,"Venezuela",144,3,21,"Venezuela"
"359","South America","SA","VE",2020-04-05,5,4,2020,0,2,"VEN",28870195,"Venezuela",144,5,22,"Venezuela"
"360","South America","SA","VE",2020-04-06,6,4,2020,4,0,"VEN",28870195,"Venezuela",148,5,23,"Venezuela"
"361","South America","SA","VE",2020-04-07,7,4,2020,11,0,"VEN",28870195,"Venezuela",159,5,24,"Venezuela"
"362","South America","SA","VE",2020-04-08,8,4,2020,7,2,"VEN",28870195,"Venezuela",166,7,25,"Venezuela"
"363","South America","SA","VE",2020-04-09,9,4,2020,1,1,"VEN",28870195,"Venezuela",167,8,26,"Venezuela"
"364","South America","SA","VE",2020-04-10,10,4,2020,4,1,"VEN",28870195,"Venezuela",171,9,27,"Venezuela"
"365","South America","SA","VE",2020-04-11,11,4,2020,4,0,"VEN",28870195,"Venezuela",175,9,28,"Venezuela"
"366","South America","SA","VE",2020-04-12,12,4,2020,0,0,"VEN",28870195,"Venezuela",175,9,29,"Venezuela"
"367","South America","SA","VE",2020-04-13,13,4,2020,6,0,"VEN",28870195,"Venezuela",181,9,30,"Venezuela"
"368","South America","SA","VE",2020-04-14,14,4,2020,8,0,"VEN",28870195,"Venezuela",189,9,31,"Venezuela"
